tissue_sample,seq_depth,trimmed_reads,clean_min_length,post_join_mirec,pre_mirnas,max_length
adrenal_cortex_ECA_UCD_AH3,19742399,18155148,18149993,17780805,15284815,12102009
adrenal_cortex_ECA_UCD_AH4,21288016,18940577,18935451,18539343,15509640,10212552
amygdala_ECA_UCD_AH3,26273881,24374388,24364435,23615177,18995959,9229723
amygdala_ECA_UCD_AH4,20679919,18295369,18289331,17796150,12674032,3033525
bone_marrow_ECA_UCD_AH3,17961437,16028598,16022496,15620826,11454564,5434044
bone_marrow_ECA_UCD_AH4,24392640,20971749,20962678,20310273,17593675,14219287
bone_subchon_11433,5313218,4823867,4822784,4688762,3901894,2101036
bone_subchon_11434,5636736,5381359,5380207,5306052,4434726,2287780
bone_subchon_11435,5418039,5048745,5047671,4941657,4036754,3212061
bone_subchon_11436,6162046,5747614,5746407,5649495,4468060,3898215
bone_subchon_11437,4446144,3582946,3582106,3421800,2561154,1558563
bone_subchon_1_10Y,6051732,5491389,5490061,5399108,4520808,1811608
bone_subchon_2_9Y,3437528,2511547,2511123,2488356,2477844,364193
bone_subchon_3_10Y,6130843,5060459,5058894,4853850,3842670,1502256
bone_subchon_5_15Y,5407098,5067697,5066541,4992958,4130640,3254951
bone_third_mc_ECA_UCD_AH1,37117225,20962556,20951645,16848533,16778728,14129384
bone_third_mc_ECA_UCD_AH2,39295131,21228120,21221449,17122025,17070099,14029567
brain_ECA_UCD_AH3,19289882,17085503,17080147,16681681,12800557,6784870
brain_ECA_UCD_AH4,17724104,16627471,16622115,16184016,13460811,9379452
caput_ECA_UCD_AH3,21089663,18456116,18450998,18048451,16121412,14324622
caput_ECA_UCD_AH4,22985032,20687004,20677380,20342961,18834650,16732755
cartilage_articular_11432,5242887,4476961,4475751,4268967,3496649,2121107
cartilage_articular_11433,7166695,6875252,6873866,6804082,6134219,2418857
cartilage_articular_11434,4942665,4786653,4785531,4740577,4384212,3529534
cartilage_articular_11435,5898962,4849035,4847853,4548636,3734648,2209486
cartilage_articular_11436,6407038,5779892,5778644,5654100,4821733,1847322
cartilage_articular_11437,5104437,4769226,4768258,4679821,3851294,807911
cartilage_articular_11438,6005863,5587616,5586080,5504263,4510298,3604812
cartilage_articular_1_10Y,6016161,4806948,4805683,4568929,3525164,2515897
cartilage_articular_2_9Y,5123742,4719793,4718386,4663944,3850658,3115474
cartilage_articular_3_10Y,7162642,5636257,5634366,5297598,4422827,1442191
cartilage_articular_5_15Y,5955167,4962387,4961009,4810408,4017236,2468252
cartilage_articular_6_5Y,6157683,5635864,5634558,5529317,4686654,3969043
cartilage_articular_ECA_UCD_AH4,22495655,20513567,20507349,19180036,14729067,6040467
cartilage_articular_ECA_UCD_AH4B,22806695,19821679,19815385,18404948,13771766,4912727
cauda_ECA_UCD_AH3,20292029,18806571,18799659,18541038,17174824,15420554
cauda_ECA_UCD_AH4,18096451,17218754,17214212,17032527,15767955,14096785
cecum_1_10Y,5581427,5128911,5128823,5084108,4894965,3925432
cecum_2_9Y,8004921,7875876,7875592,7841631,7683001,6962175
cecum_3_10Y,6200346,5882806,5881221,5826876,5549976,4449562
cecum_ECA_UCD_AH1,32751172,31099498,31098845,30418326,27466794,21629147
cecum_ECA_UCD_AH2,33636458,28190809,28188832,26592791,24121253,17992690
cerebellum_1_10Y,5384841,4979551,4979454,4940242,4725097,4252222
cerebellum_2_9Y,7409996,7100583,7100251,7063718,6717299,6358551
cerebellum_3_10Y,7991920,7609717,7609402,7567817,7034043,6534335
cerebellum_vermis_ECA_UCD_AH3,22895144,21763828,21757487,21276965,16912056,12079205
cerebellum_vermis_ECA_UCD_AH4,22713835,21374599,21367439,20983761,16873708,10101305
conjunctiva_ERR2785555,14097964,12154536,12154026,11437693,10273049,9933838
conjunctiva_ERR2785559,14203053,13108030,13107566,12635949,10399969,9250838
corpus_ECA_UCD_AH3,20320099,19137971,19133097,18882250,17621970,15236350
corpus_ECA_UCD_AH4,15649620,13394540,13391162,13057614,11810793,10191355
ddft_ECA_UCD_AH1,4934803,4571240,4571003,4272092,3207672,1136343
ddft_ECA_UCD_AH2,3292298,3067214,3067080,2876697,2046955,1032268
drg_ECA_UCD_AH3,20743450,17382615,17376568,16868773,13803228,7520258
drg_ECA_UCD_AH4,20654387,19109074,19103963,18451915,14707230,8653222
duodenum_1_10Y,5920530,5647335,5647255,5613154,5485966,5170879
duodenum_2_9Y,7094578,6995184,6994887,6971115,6866879,6678953
duodenum_3_10Y,6660164,6475787,6475580,6442169,6281833,4878866
fat_abdominal_ECA_UCD_AH3,26884470,23989620,23983703,22700248,17949221,8850241
fat_abdominal_ECA_UCD_AH4,19259882,16327357,16322647,15597117,12197959,5783645
fat_loin_ECA_UCD_AH1,12680496,11305117,11303914,11133029,9440469,5431953
fat_loin_ECA_UCD_AH2,26866135,24328561,24326584,23949689,19721986,8869376
fat_nuchal_11432,6544878,6152147,6152033,6085693,5825159,2460095
fat_nuchal_11433,6617452,6118744,6117217,6031455,4874561,2512904
fat_nuchal_11434,6560490,6402572,6401304,6351052,6078095,3357970
fat_nuchal_11435,4847907,4282367,4281330,4146176,3472486,2519881
fat_nuchal_11436,4996319,4834199,4833191,4792439,3940568,3389977
fat_nuchal_11437,5812797,5465034,5463896,5415270,4914123,2269292
fat_nuchal_11438,9205369,8931207,8929349,8861447,8393034,2153679
fat_nuchal_1_10Y,5047380,4716430,4715172,4637210,4049727,3680887
fat_nuchal_2_9Y,6418055,6241000,6239254,6186449,5747254,3483315
fat_nuchal_3_10Y,4904464,4741094,4739805,4707447,3942863,3101801
fat_nuchal_5_15Y,6506839,6286534,6286298,6240708,5879926,2974538
fat_nuchal_6_5Y,6570042,6343760,6343495,6300479,5855309,4280466
fat_omental_1_10Y,5967686,4622182,4620842,4470396,3622528,2893721
fat_omental_2_9Y,4906979,4720355,4719273,4681631,4408135,3745242
fat_omental_3_10Y,6108871,5141665,5140456,4855395,4838379,1440430
fat_omental_5_15Y,6584800,6346528,6346293,6294858,5968294,3665536
fat_omental_6_5Y,7101462,6818930,6818691,6754993,6344244,4086370
fat_retroper_11432,8907719,8694911,8693208,8643872,8300838,2149921
fat_retroper_11433,8096370,7732974,7731379,7657286,7177775,2689249
fat_retroper_11434,7060846,6786413,6784909,6744612,6377418,2671960
fat_retroper_11435,8973376,8272972,8271216,8148747,7075191,3670388
fat_retroper_11436,7051288,6650895,6650793,6620455,6083344,2449477
fat_retroper_11437,5997208,5522365,5522270,5484040,5144311,3347110
fat_retroper_11438,7004272,62,56,56,56,1
fat_retroper_1_10Y,5729778,5583915,5582459,5537907,5072950,3888104
fat_retroper_2_9Y,5915716,5753090,5751365,5715033,5505275,4294626
fat_retroper_3_10Y,6068785,5893471,5892107,5839755,5298364,4025060
fat_retroper_5_15Y,5842396,5647213,5645944,5592373,4930848,3190074
fat_retroper_6_5Y,6950602,6680418,6680176,6620896,6131326,5175222
fat_shoulder_1_10Y,7209291,5367192,5365733,5019148,3965233,2668854
fat_shoulder_2_9Y,6305602,5977640,5977397,5900320,5513951,2746685
fat_shoulder_3_10Y,7181399,6717291,6715585,6660905,5715978,1679098
fat_shoulder_5_15Y,6167158,5939705,5939484,5888276,5491746,3211018
fat_shoulder_6_5Y,6777250,6598288,6597995,6558624,6356816,4783410
fat_tailhead_11433,5547526,5401736,5400502,5358596,4993796,4331067
fat_tailhead_11434,7063636,6601973,6600469,6498344,6021989,3235375
fat_tailhead_11435,8091758,7633934,7632485,7554901,7031651,3129026
fat_tailhead_11437,5404929,4958531,4957147,4829405,3999218,3035305
fat_tailhead_11438,6152187,5825321,5823994,5740743,5008595,3277692
fat_tailhead_1_10Y,6614790,5811052,5809305,5638141,4367977,3015810
fat_tailhead_2_9Y,4921634,4799501,4798532,4757294,4490813,3896746
fat_tailhead_3_10Y,5847104,5706572,5705189,5658892,5227615,3987461
fat_tailhead_5_15Y,6406529,6104023,6103792,6045459,5566531,4233872
fat_tailhead_6_5Y,7399499,7095729,7095467,7029290,6544533,4696565
fat_visceral_11432,7868254,7526060,7524352,7433650,6861512,2308803
fat_visceral_11433,5809189,4387914,4386870,4196822,3546903,1144174
fat_visceral_11434,7530094,7248936,7247415,7192529,6687794,2559637
fat_visceral_11435,5318914,4673717,4672607,4502739,3638204,2465964
fat_visceral_11436,5828589,5538931,5538834,5507113,5104474,4410478
fat_visceral_11437,5216221,4793109,4793016,4738112,4414960,2727314
fat_visceral_11438,6197271,5676922,5676858,5614096,5296521,1817069
fat_visceral_1_10Y,5535971,5390320,5389158,5345706,4854777,3625454
fat_visceral_2_9Y,4466636,4298835,4297789,4242385,4010825,3276159
fat_visceral_3_10Y,5069209,4927180,4925880,4898366,4750774,4390845
fat_visceral_5_15Y,5268023,5082989,5081086,5040992,4863662,4532452
fat_visceral_6_5Y,5179079,4992647,4991556,4944759,4372802,3333752
heart_ECA_UCD_AH3,21126711,17782781,17776630,17079058,14439888,9101828
heart_ECA_UCD_AH4,23969280,20328610,20321885,19257776,15548324,9246828
heart_left_atrium_11432,6696828,6394446,6394331,6363548,6226235,5249474
heart_left_atrium_11433,3695474,3154765,3154150,3122215,2963766,1991004
heart_left_atrium_11434,6789044,6398997,6398888,6353372,6182231,5859592
heart_left_atrium_11435,6098234,5779621,5779519,5745825,5571548,4909790
heart_left_atrium_11436,6261824,5949095,5948983,5901743,5628632,5014636
heart_left_atrium_11437,5864301,5475266,5475171,5439232,5276908,4979776
heart_left_atrium_11438,6421050,17336,17326,17325,17312,74
heart_left_ventricle_11432,6870224,6489660,6489545,6430367,6151715,5561096
heart_left_ventricle_11433,6192298,5830003,5829902,5763855,5622381,5270526
heart_left_ventricle_11434,6555640,6234878,6234733,6187517,6010818,5750708
heart_left_ventricle_11435,6446783,6170315,6170224,6131462,5936322,5521364
heart_left_ventricle_11436,6426058,6111700,6111578,6048932,5870880,5596811
heart_left_ventricle_11437,7316333,6901819,6901714,6837377,6657931,6385777
heart_left_ventricle_11438,6124387,5745263,5745148,5687517,5502498,5221783
heart_left_ventricle_ECA_UCD_AH1,14148401,12488559,12487352,12356770,10091813,5660479
heart_left_ventricle_ECA_UCD_AH2,16909341,14990324,14988592,14758735,12263626,7525122
heart_right_atrium_11432,5973092,5659631,5659526,5626193,5481964,5065439
heart_right_atrium_11433,6077365,5773752,5773634,5735512,5583157,4416936
heart_right_atrium_11434,6393266,6106188,6106071,6077999,5899491,5379768
heart_right_atrium_11435,6263090,5913130,5913040,5878836,5632956,5211074
heart_right_atrium_11437,5647365,5352116,5352010,5319376,5175324,4862559
heart_right_atrium_11438,6036946,5704931,5704819,5665959,5543142,4741127
heart_right_atrium_ECA_UCD_AH1,22765742,22044997,22044313,21530261,19075119,15478894
heart_right_atrium_ECA_UCD_AH2,18183274,17220279,17219521,16720451,14577882,10742011
heart_right_ventricle_11432,5841632,5461645,5461551,5408845,5214948,4853074
heart_right_ventricle_11433,6521264,6097817,6097697,6033804,5836771,5284672
heart_right_ventricle_11434,7518087,7103421,7103288,7008263,6719618,6165057
heart_right_ventricle_11435,5840009,5490612,5490508,5452906,5239531,5011185
heart_right_ventricle_11436,6296050,5943614,5943509,5883196,5709051,5551527
heart_right_ventricle_11437,5321623,5033741,5033654,4998979,4882648,4722887
heart_right_ventricle_11438,6774897,6274256,6274149,6234953,6101336,5928408
heart_right_ventricle_ECA_UCD_AH1,15451487,14806517,14806048,14286152,12362890,9315142
heart_right_ventricle_ECA_UCD_AH2,12456065,11797181,11796688,11353542,9925372,7593648
hippocampus_ECA_UCD_AH3,17642717,15350907,15345504,15179709,11910887,4078425
hippocampus_ECA_UCD_AH4,22720557,21750384,21744459,21271318,16837313,9575425
hypothalamus_11432,6693411,6381347,6379788,6326105,5100321,2428015
hypothalamus_11433,4466169,3514551,3513656,3374866,2758840,1285342
hypothalamus_11434,5959474,5508213,5508119,5462393,5029844,3665340
hypothalamus_11435,6606099,6131450,6131327,6082623,5633776,4416119
hypothalamus_11437,5494229,4926380,4926285,4873214,4416271,3350359
hypothalamus_11438,6229388,5126309,5125141,4953992,3841426,3001529
jejunum_1_10Y,5321905,4881008,4880933,4837722,4663882,3302750
jejunum_3_10Y,6675200,6409785,6409535,6365832,6142083,5327684
kidney_cortex_11432,6235827,3572616,3572559,3535104,3520056,551195
kidney_cortex_11433,5013034,4778863,4777703,4712479,4293130,3308185
kidney_cortex_11434,4118388,3576242,3575658,3557434,3225967,2647333
kidney_cortex_11435,5754824,5345887,5344805,5269655,4908637,2977282
kidney_cortex_11436,5670583,5370431,5370329,5332018,5101721,3762422
kidney_cortex_11437,6493391,5997277,5997188,5948179,5724297,3915512
kidney_cortex_11438,6482777,5993599,5993514,5931025,5710622,3277890
kidney_cortex_1_10Y,7098902,6687206,6687090,6647511,6250979,5830668
kidney_cortex_2_9Y,5142592,4953481,4952432,4905443,4350953,2698170
kidney_cortex_3_10Y,6308570,6051690,6051463,6008065,5783249,4894285
kidney_cortex_ECA_UCD_AH1,44994755,43025582,43024573,42077876,39162668,29517494
kidney_cortex_ECA_UCD_AH2,32883553,30497107,30496171,29501428,27422582,22646987
kidney_medulla_11432,5384468,5036094,5036005,4957252,4476799,4033573
kidney_medulla_11433,5040201,4744206,4744130,4715587,4458054,4204449
kidney_medulla_11434,6031097,5503995,5503928,5458803,4831378,4372974
kidney_medulla_11435,6169640,5859416,5859325,5812848,5381490,3796024
kidney_medulla_11436,5024359,4724500,4724416,4696980,4346957,3935300
kidney_medulla_11437,6363980,5758079,5757971,5705804,5067817,4413312
kidney_medulla_11438,5984476,5606326,5606244,5555629,5066171,3314163
kidney_medulla_ECA_UCD_AH1,44671909,43696296,43695454,43082285,38933544,32121885
kidney_medulla_ECA_UCD_AH2,44730200,43407247,43406362,42605853,38720906,31218207
lamina_11432,5566601,5252012,5251933,5218337,4736010,2956275
lamina_11433,6134518,5688137,5688054,5614073,5415636,1872826
lamina_11434,6387637,6023551,6023449,5972804,5759109,1415905
lamina_11435,5884294,5583681,5583590,5546033,5232655,2383968
lamina_11436,6064284,1767,1755,1709,1698,141
lamina_11437,5892251,5492155,5492051,5438279,4907449,3232548
lamina_11438,5968905,5474406,5474308,5420925,4767433,3317107
lamina_1_10Y,7002793,6345668,6344016,6181244,5629168,1297879
lamina_2_9Y,5822653,5039092,5037806,4931080,3707628,2612787
lamina_3_10Y,5224240,5003342,5002191,4958355,4303768,3513835
lamina_ECA_UCD_AH1,29261161,26555006,26551915,26276143,20510876,7725934
lamina_ECA_UCD_AH2,21821183,19207236,19204415,18940640,14587084,7331208
lamina_ECA_UCD_AH3,26504352,24352765,24345834,23338907,18918010,9710068
lamina_ECA_UCD_AH4,22551408,18983483,18978381,18146589,14262513,9849229
leukocyte_SRR3034168,10929428,10576823,10575807,10412497,10283199,9594964
leukocyte_SRR3050711,5685247,5526217,5525637,5501878,5431915,4914543
leukocyte_SRR3050712,14821819,14536546,14535902,14359909,14271568,13410480
leukocyte_SRR3050734,15430091,15273307,15272344,15252811,15120454,14335913
leukocyte_SRR3050735,3177662,2968691,2968522,2924951,2887023,2565054
leukocyte_SRR3050736,26077757,25626940,25625882,25579825,25337776,23987429
liver_11432,6329588,5917832,5917712,5862347,5572809,4723596
liver_11433,5678740,5388207,5386854,5322567,5028748,3945753
liver_11434,6085816,5752038,5751932,5701993,5470003,5084508
liver_11435,5183390,4955257,4953915,4922188,4717704,4302957
liver_11436,5532113,5115938,5115843,5066437,4790563,4142472
liver_11437,5768366,5267832,5267732,5191590,4927097,4492988
liver_11438,5930789,5362370,5362283,5303541,5040707,4328121
liver_1_10Y,5318939,5189255,5188011,5150716,4671480,3129833
liver_2_9Y,5504134,5403467,5402267,5369820,5032647,3090225
liver_3_10Y,6591372,6376753,6375074,6318839,5745335,2948462
liver_5_15Y,5920415,5722520,5721305,5682598,5133048,3743118
liver_6_5Y,7539940,3688336,3687541,3652596,3477684,3241627
liver_ECA_UCD_AH1,16473802,14683708,14682818,14399320,10922037,4551914
liver_ECA_UCD_AH2,11369169,9865480,9864684,9692657,7615983,3211753
liver_ECA_UCD_AH3,24135069,20302217,20297044,18875963,14889928,8025527
liver_ECA_UCD_AH4,21654981,17953754,17947291,16535513,13467560,8722792
lung_11432,5974818,5743960,5742821,5702323,5218746,3078346
lung_11433,7006850,6715302,6713848,6672294,6133304,3537687
lung_11434,5500856,5287186,5286089,5251324,4818598,3215135
lung_11435,6822342,6447311,6446115,6402836,5783252,2250019
lung_11436,5031061,4757094,4757007,4732577,4385018,3478808
lung_11437,5210376,4874921,4874846,4850012,4557467,2795344
lung_11438,5360224,5021837,5021757,4987476,4681050,3057487
lung_ECA_UCD_AH1,18187071,15922303,15921300,15804938,12601152,8379794
lung_ECA_UCD_AH2,23594039,21317297,21315701,21097002,17470811,10533563
lung_ECA_UCD_AH3,19622630,18255177,18250424,17912104,14358486,9674391
lung_ECA_UCD_AH4,51694687,50530861,50521085,50176753,47771795,12381779
lung_SRR11945624,12863402,12430677,12406216,11756928,9551566,8299997
lung_SRR11945625,13658859,12784582,12758836,11894232,10453952,9513388
lung_SRR11945626,12583778,12243625,12219708,11658479,9810692,8174461
lung_SRR11945627,12954773,12235944,12209595,11026580,9424558,8091529
lung_SRR11945628,14312781,13321343,13298410,12730577,11359073,10420088
lung_SRR11945629,13140700,12620159,12598764,12043807,10575445,9459454
lymph_node_ECA_UCD_AH3,22594496,18583067,18575756,17652927,13130000,8848301
lymph_node_ECA_UCD_AH4,23952609,19720759,19715311,18860836,13728109,10440365
muscle_gluteal_11432,4626322,4508871,4508184,4485580,4342983,4085001
muscle_gluteal_11433,5595971,5416063,5415214,5353877,5139513,4239336
muscle_gluteal_11434,5818779,5662098,5661286,5622482,5435478,5096683
muscle_gluteal_11435,5389098,5223684,5222973,5173454,4963047,4506747
muscle_gluteal_11436,6850007,6644682,6643657,6597754,6410448,6101249
muscle_gluteal_11437,4442890,4284602,4283953,4246369,4005041,3732822
muscle_gluteal_11438,6349397,5918193,5917016,5837688,5179822,3129022
muscle_gluteal_ECA_UCD_AH3,20558102,18660861,18655348,18135131,16286429,12840417
muscle_gluteal_ECA_UCD_AH4,22190020,19666354,19660335,18850979,16572819,12396670
muscle_gluteal_SRR10159382,6822868,5161608,5158544,5099330,4933408,4863907
muscle_gluteal_SRR10159384,13177876,10062574,10054089,9911441,9577642,9431457
muscle_gluteal_SRR10159402,11302675,8134345,8131018,8060782,7804358,7696815
muscle_longissimus_11432,5875644,5711999,5711152,5683751,5436923,4979049
muscle_longissimus_11433,4851249,4708234,4707529,4665601,4491535,3989666
muscle_longissimus_11434,6116057,5963611,5962908,5913768,5682564,5473462
muscle_longissimus_11435,6015204,132,113,113,113,3
muscle_longissimus_11436,4337383,171,160,158,157,9
muscle_longissimus_11437,7003016,6778405,6777235,6732954,6365882,5818697
muscle_longissimus_11438,4992892,4778564,4777771,4725873,4450147,3933065
muscle_longissimus_ECA_UCD_AH1,10018473,8634710,8633575,8505158,7512875,5522366
muscle_longissimus_ECA_UCD_AH2,10222460,8722809,8721996,8638536,7795632,6304804
muscle_longissimus_ECA_UCD_AH3,19133596,17326672,17321923,16708380,14664207,10593455
muscle_longissimus_ECA_UCD_AH4,11852558,10830776,10827848,10539987,9607486,7736908
muscle_longissimus_SRR10159386,11080462,7899719,7896547,7762647,7436306,7339782
muscle_longissimus_SRR10159388,13847933,10014208,10009706,9880712,9538937,9356897
muscle_longissimus_SRR10159404,12214733,8685053,8676666,8618233,8328977,8177790
muscle_sacrocaudalis_11432,6821550,6470350,6470219,6437053,6227706,5644846
muscle_sacrocaudalis_11433,6430054,6119315,6119239,6089886,5956631,5514243
muscle_sacrocaudalis_11434,5873784,5632720,5631728,5575179,5275617,4633873
muscle_sacrocaudalis_11435,6674590,6325469,6325327,6296139,6083135,5657316
muscle_sacrocaudalis_11436,5153235,4985034,4984180,4946062,4725384,4376650
muscle_sacrocaudalis_11437,4795167,4615357,4614568,4580389,4350497,4069466
muscle_sacrocaudalis_11438,6156543,5739991,5739894,5699234,5477969,4911687
muscle_splenius_SRR10159396,10999770,7472503,7468177,7377994,7071581,6946698
muscle_splenius_SRR10159398,11097039,8488826,8470261,8167711,7792236,7644536
muscle_splenius_SRR10159400,13806020,10464903,10453802,10315272,9917476,9732777
muscle_triceps_brachii_SRR10159389,10982856,8442545,8439229,8253922,7855295,7742197
muscle_triceps_brachii_SRR10159391,14010667,9802645,9798459,9725606,9324134,9025892
muscle_triceps_brachii_SRR10159394,13518479,9802223,9794235,9641490,9320049,9193041
ovary_11432,6253679,6011612,6011511,5981818,5847303,3678446
ovary_11433,6110130,5599220,5597992,5473705,4682351,2572820
ovary_11434,5258735,4652241,4651083,4496894,3514892,2064410
ovary_11435,5728216,5171389,5170366,5052230,4221475,2243510
ovary_11436,5789970,5407374,5406019,5350581,4747344,3114534
ovary_11437,5929439,5640927,5640098,5557036,4707930,2962940
ovary_11438,5838863,5032822,5031547,4930842,4022077,2979006
ovary_ECA_UCD_AH1,13649106,11722623,11721880,11617441,9869460,4332216
ovary_ECA_UCD_AH2,17690232,15785118,15784268,15652267,13841084,7715264
parietal_cortex_ECA_UCD_AH1,27348705,25050747,25048630,24839710,16319629,6960388
parietal_cortex_ECA_UCD_AH2,13642038,11670411,11669468,11547896,9095574,4893154
pbmc_ECA_UCD_AH3,40195810,35087995,35077197,33374059,19776920,8860942
pbmc_ECA_UCD_AH4,23665446,21469937,21465223,20572977,12018904,4745317
pbmc_SRR13163498,15000262,14341248,14339448,13877066,10452756,8763313
pbmc_SRR13163500,19005603,18342687,18341022,17839534,13762102,11788069
pbmc_SRR13163502,14797773,14636372,14635100,14492855,10857687,8777126
pbmc_SRR13163504,21015428,20724007,20722245,20490039,14969511,11999505
pbmc_SRR13163507,22864715,21787141,21785396,20928631,15937780,13262002
pbmc_SRR13163509,21827547,21505782,21503854,21182257,15734563,13061885
pbmc_SRR13163511,22149039,21255612,21253817,20608639,16858015,15025554
pbmc_SRR13789094,9275140,9138333,9135970,8914346,7435555,6751147
pbmc_SRR13789095,7885458,7334371,7332380,6728553,5377525,4637690
pbmc_SRR13789096,13199108,12446141,12442996,11683168,9555550,8512831
pbmc_SRR13789097,15232160,14952974,14949648,14497205,11680820,10403028
pbmc_SRR13789098,17210797,16934915,16930826,16496300,13262398,12064867
pbmc_SRR13789099,33495108,30921619,30914391,28380580,23743500,21845594
pbmc_SRR13789102,17392740,16283646,16279873,15004769,11907618,10181303
pbmc_SRR13789112,14887153,13817333,13815007,12538098,9322395,7822993
pbmc_SRR13789113,18082477,17599650,17596559,16827539,12503283,10872132
pbmc_SRR13789114,17789797,16290464,16287669,14531998,11520119,10275317
pbmc_SRR13789115,19000995,16778166,16775092,14882081,11878694,10816053
pbmc_SRR13789116,17031015,14992821,14990352,13189306,10482896,9507670
pbmc_SRR5004527,3760945,3692249,3692249,3451894,3075646,3021714
pbmc_SRR5004528,4489393,4007093,4007093,3595336,3076975,2998479
pbmc_SRR5004530,3675621,3569922,3569921,3284943,2825331,2765260
pbmc_SRR5004533,3742581,3670302,3670301,3343263,2796959,2725311
pituitary_11432,7113976,6650468,6650347,6599133,6219795,5047354
pituitary_11433,5533435,5181648,5181559,5142243,4979183,4017781
pituitary_11434,6666587,2187,2174,2142,2136,305
pituitary_11435,5708631,5385173,5385074,5350737,5086919,4102436
pituitary_11436,6239164,5912871,5912772,5880332,5625371,4844330
pituitary_11437,5584436,5264874,5264784,5233681,5075598,4534748
pituitary_11438,5957802,5551268,5551167,5522531,5326297,4676907
pituitary_ECA_UCD_AH1,33998087,32372477,32370402,31521209,27453332,19872890
pituitary_ECA_UCD_AH2,39459518,38193244,38191644,37525579,31681382,22885264
plasma_SRR525254,21754488,21710293,21710282,21451908,20117742,19982006
plasma_SRR525255,22626015,22434725,22434712,22222872,13923395,13272556
plasma_SRR525256,25555484,25433800,25433785,25218007,18570618,17813001
sdft_ECA_UCD_AH1,3656901,3387190,3386975,3164245,2382743,1199105
sdft_ECA_UCD_AH2,5844794,5522752,5522410,5250695,3848975,1677079
serum_ERR1462754,12086523,11771921,11770882,11768484,7292482,2951290
serum_ERR1462755,12215849,8956602,8956210,8955816,5233818,729285
serum_ERR1462756,7440885,7227929,7227456,7227261,4819123,488547
serum_ERR1462757,11800892,7756076,7755454,7755168,4089234,574765
serum_ERR1462758,13161450,13027563,13026455,13025358,7482874,1913164
serum_ERR1462759,11069948,10946070,10945366,10943084,7941779,4252593
serum_ERR1462760,12159571,11788126,11787118,11784424,9115098,5438115
serum_ERR1462761,12778959,12611611,12610622,12608225,9204776,5878427
serum_ERR1462762,12859457,12707144,12706447,12704401,7242437,3799326
serum_ERR1462763,8681553,8543756,8543294,8540756,6089149,3620237
serum_ERR1462764,8524631,8418316,8417837,7715443,4914240,831778
serum_ERR1462765,11853190,11636468,11635766,11632182,9005843,4916251
serum_ERR1462766,16503975,16189083,16187839,16187802,12734861,403210
serum_ERR1462767,9740331,9656543,9656081,9655955,6920077,286302
serum_ERR1462768,12366841,12169699,12169001,12167499,7889202,3746047
serum_ERR1462769,8501990,3752009,3751782,3751428,1902000,161297
serum_ERR1462770,13387993,13291384,13290335,13289106,8132456,4509653
serum_ERR1462771,10844852,6867494,6867132,6866399,3032739,478941
serum_ERR1462772,12902101,12783910,12782813,12779951,8367282,5048672
serum_ERR1462773,9263101,5936233,5935875,5935290,2469036,349999
serum_ERR1462774,13884897,13656066,13654923,13651682,9872499,4673081
serum_ERR1462775,8358704,8318045,8317559,8315897,5899406,3125742
serum_ERR1462776,13075431,12958501,12957592,12940233,7699795,1396729
serum_ERR1462777,12302611,12071669,12071081,12048772,8485613,1036760
serum_ERR1462778,14484169,14301161,14299950,14295109,10831284,7223957
serum_ERR1462779,12895957,12757719,12756618,12754023,9313614,5914643
serum_ERR1462780,12410979,12211807,12211063,12207608,9346766,6037290
serum_ERR1462781,12966545,12805038,12803960,12801487,9609654,6516058
serum_ERR1462782,13740052,13612839,13612086,13610666,9628987,4285111
serum_ERR1462783,13467238,13355479,13354783,13328733,9574580,1430723
serum_ERR1462784,12447799,12367909,12366823,12364020,7300047,4508095
serum_ERR1462785,10896603,10778585,10778025,10777908,7277677,753443
serum_ERR1462786,10374730,10208034,10207346,10205989,7168692,3276392
serum_ERR1462787,11698790,11585087,11584188,11582556,8638812,4189526
serum_ERR1462788,8026510,4861158,4860889,4860128,2777342,406000
serum_ERR1462789,9999610,7106279,7105894,7105524,2437262,555007
serum_ERR1462790,12622747,7188214,7187834,7186911,3489758,791008
serum_ERR1462791,11625434,8343920,8343413,8342478,3033227,601023
serum_ERR1462792,8989750,8649789,8649329,8649006,5104510,375494
serum_ERR1462793,13159520,13074109,13073019,13069313,10377956,7021551
serum_ERR1462794,12560022,12452118,12451076,12449477,7265368,3539650
serum_ERR1462795,8727369,8609463,8608943,8606811,5841393,2872137
serum_ERR1462796,15190980,15030064,15028696,15025255,8336489,5635818
serum_ERR1462797,12314973,12164157,12163053,12160918,6651834,4426849
serum_ERR1462798,14789315,14643579,14642653,14639092,11757921,7189609
serum_ERR1462799,14127017,14016736,14015569,14013278,10982604,5728634
serum_ERR1462800,13123064,12927238,12926075,12918658,7969694,5238719
serum_ERR1462801,8115744,8012773,8012319,8009794,6018809,3309236
serum_ERR1462802,9356385,9228946,9228367,9225013,6884670,3868458
serum_ERR1941860,9727154,5614896,5614675,5614508,3026732,330880
serum_ERR1941861,15061368,13318947,13318247,13318136,8223382,348367
serum_ERR1941862,9852655,5441140,5440926,5440826,3239372,306545
serum_ERR1941863,15963286,9555712,9555378,9555251,5621560,295670
serum_ERR1941864,9857682,4967318,4967107,4966724,3064774,430440
serum_ERR1941865,14499435,13074409,13073467,13067100,10406273,7023073
serum_ERR1941866,17298611,7870344,7870049,7869145,5020938,538768
serum_ERR1941869,14571327,7016703,7016455,7016375,6735628,433773
serum_ERR1941870,9807985,5160577,5160355,5160153,2922537,337834
serum_ERR1941871,13133598,11634166,11633587,11627374,9021247,4915676
serum_ERR1941872,18109164,9478724,9477994,9477446,6069841,403429
serum_ERR1941873,10611026,6053822,6053584,6053401,3557987,283420
serum_ERR1941874,14512494,7905333,7905072,7904985,7549282,602437
serum_ERR1941876,9435026,3785264,3785082,3784959,2093392,167085
serum_ERR1941878,13431287,6911851,6911569,6911427,3117254,484564
serum_ERR1941884,15916376,13651422,13650470,13645353,9916637,4673882
serum_ERR1941893,14686353,7638187,7637775,7637670,7319671,773575
serum_ERR1941896,13537451,6409829,6409514,6409317,2868261,335239
serum_ERR1941904,15129170,12807089,12806197,12800606,9649639,6518109
serum_ERR1941906,15610610,7436108,7435794,7435647,3708899,600249
serum_ERR1941910,11354667,7389237,7388840,7388695,4375197,480809
serum_ERR1941911,13224033,8152047,8151512,8151384,5246517,853222
serum_ERR1941915,10866832,4859388,4859179,4859085,4678440,603694
serum_ERR1941916,15190749,7247138,7246826,7246595,3589271,800579
serum_ERR1941917,13843573,6081482,6081229,6081074,5761825,739476
serum_ERR1941919,10706488,5166634,5166405,5166286,4941601,660809
serum_ERR1941920,15318509,12521406,12520680,12520553,7376893,785912
serum_ERR1941921,10010510,6125690,6125413,6125090,3591740,494901
serum_ERR1941923,16973266,15028024,15026928,15019948,8414349,5636905
serum_ERR1941924,16119712,6648359,6647894,6647765,6217785,847058
serum_ERR1941927,16822299,12929516,12928518,12911473,8017635,5238626
serum_ERR1941931,9487285,5037170,5036957,5036805,3225261,469730
serum_ERR1941935,12517968,7151407,7151065,7150807,4173380,516281
serum_ERR1941936,14080539,11781796,11780929,11776140,9141093,5438387
serum_ERR2699121,17767384,14488235,14487316,14487059,10889356,1365663
serum_ERR2699122,11440499,6019113,6018759,6017636,4034533,714191
serum_ERR2699124,11533823,6141009,6140737,6140629,5854865,510314
serum_ERR2699125,11495139,7372262,7371878,7371720,4959262,1020984
serum_SRR14368448,21894603,3778754,3770286,3757760,3115836,1447507
serum_SRR14368449,15932457,15538192,15505468,15503262,12390363,1597954
serum_SRR14368456,32307577,26635032,26498565,26194037,23497975,16222999
serum_SRR14368457,13030157,11312676,11295963,10957210,10413187,8409315
serum_SRR14368458,18341873,17270556,17181207,17095431,15884760,11660180
serum_SRR14368459,7291986,6958023,6947932,6857078,6770560,6380653
serum_SRR14368460,17891234,17358207,17314261,17154318,16630480,14149406
serum_SRR14368461,23279266,19762344,19740040,19584872,18643324,2746402
serum_SRR14368462,20567977,18359082,18238544,18082308,16973698,12784607
serum_SRR14368463,27054238,10633534,10567473,10123403,8844763,7053625
sesamoid_ECA_UCD_AH1,23026890,6696515,6695091,6694523,6694068,107583
sesamoid_ECA_UCD_AH2,41522503,25694522,25691367,21049915,21013209,18052958
skin_ERR2785537,15948453,14849800,14849296,14530583,13106041,11758440
skin_ERR2785539,13673410,12538567,12538135,12250243,11226233,9548532
skin_ERR2785541,13520513,11694713,11694275,11355282,10451985,10145140
skin_ERR2785543,15173565,13955279,13954857,13860936,11877024,7451884
skin_ERR2785545,15625417,15127967,15127465,14345161,10020456,8418909
skin_ERR2785547,16038722,15759379,15758861,15224156,10407853,8804922
skin_ERR2785549,15674713,14481411,14480999,14352259,12801053,10680616
skin_ERR2785551,9814310,8185854,8185526,7806275,7337248,7209033
skin_ERR2785553,12900329,10654291,10653903,10533438,9399078,7661554
skin_neck_ECA_UCD_AH3,25175277,22575526,22568670,22032614,18575200,9047991
skin_neck_ECA_UCD_AH4,26830558,21520035,21514627,20228219,14819274,9091871
skin_unpig_ECA_UCD_AH3,19421808,16403977,16394538,15536228,12110781,7415003
skin_unpig_ECA_UCD_AH4,26456688,22426405,22419481,21208945,16619370,10225815
spinal_cord_t_eight_ECA_UCD_AH1,18249246,17352761,17351875,16875637,13272990,7636372
spinal_cord_t_eight_ECA_UCD_AH2,15819574,15131118,15130529,14758426,11626711,7060923
spleen_1_10Y,5654979,5245840,5245756,5183037,4907958,3248119
spleen_2_9Y,6285706,6138877,6138636,6100964,5905261,4553615
spleen_3_10Y,7820593,7602088,7601861,7543414,7306174,6024152
synovium_11432,5588500,4975459,4974250,4833023,4067822,2107121
synovium_11433,6627636,6192070,6191958,6134772,5905300,1834927
synovium_11434,6960446,6390698,6390585,6275964,5828765,2176577
synovium_11435,5545807,5195867,5195798,5152691,4842029,1596579
synovium_11436,6185261,5837756,5837667,5790973,5487223,2499185
synovium_11437,5854388,5364013,5363902,5308849,4909663,2518053
synovium_11438,8656762,8277382,8275596,8196733,7721125,1980096
synovium_1_10Y,5615527,4951887,4950535,4856651,3669594,2525519
synovium_2_9Y,6167689,5728340,5726835,5664441,4810966,1843291
synovium_3_10Y,94208209,3665125,3664315,3626469,3287046,2862603
synovium_5_15Y,7462575,7145865,7145542,7093651,6562351,5716260
temporal_cortex_ECA_UCD_AH1,37647454,35086170,35084083,34098089,24259693,10303583
temporal_cortex_ECA_UCD_AH2,33490867,32347081,32346216,31672261,22861289,12018005
testis_ECA_UCD_AH3,20843064,19729787,19724107,19453335,18393928,4840478
testis_ECA_UCD_AH4,21450571,20215883,20209056,19933093,18940546,4694704
testis_SRR5808085,21089383,20827811,20827804,20665573,19406734,15039530
testis_SRR5808086,19866670,19636238,19636235,19499129,17973009,10534480
testis_SRR5808087,18791814,18402330,18402323,18135319,16913607,11703686
testis_SRR5808088,16492481,16425848,16425848,16396958,15948951,1935835
testis_SRR5808089,18245196,18084307,18084304,17969567,17461512,4141732
testis_SRR5808090,17919540,17839740,17839735,17793002,17369918,2879805
testis_SRR9655156,12800270,12754781,12754749,12740643,12293599,1173570
testis_SRR9655157,10888765,10827592,10827563,10803653,10357686,1798078
testis_SRR9655158,11539348,11465858,11465830,11434662,10954620,2587029
testis_SRR9655159,10819158,10759150,10759119,10728786,10449818,2168712
testis_SRR9655160,9333423,9300793,9300768,9290373,9028651,1070063
testis_SRR9655161,10858839,10753091,10753015,10726221,10415004,1594895
testis_SRR9655162,11780354,11729106,11729071,11706511,11407694,2154510
testis_SRR9655164,10044669,10004934,10004910,9987758,9731313,1328811
thyroid_11432,6296550,5928584,5928494,5893779,5588083,3314740
thyroid_11433,6252486,5786362,5786260,5743989,5425503,3879451
thyroid_11434,6740660,6341534,6341410,6305214,5985421,3088179
thyroid_11435,5703627,5328128,5328062,5297536,5040175,2195314
thyroid_11436,5169398,4813175,4813084,4777482,4451962,3908184
thyroid_11437,6023516,5589925,5589836,5560178,5301624,4804320
thyroid_11438,6762953,6344108,6344000,6300256,6057034,4255321
uterine_fluid_SRR10587363,367306,279654,279654,263317,251501,235511
uterine_fluid_SRR10587365,821452,811025,811025,797959,688805,446123
uterine_fluid_SRR10587367,603251,593797,593789,585373,500108,155336
uterine_fluid_SRR10587369,690829,679115,679097,668593,505817,257719
uterus_11432,6526377,6065775,6065666,6020579,5560289,4091320
uterus_11433,3738782,3591651,3591034,3575588,3421331,3137584
uterus_11434,7772400,7437572,7437469,7395481,7120376,4306595
uterus_11435,7364567,6731243,6729653,6607553,5868101,1889798
uterus_11436,6350339,5983695,5983614,5950429,5655429,4950350
uterus_11437,5790049,5434473,5434363,5405418,5208625,4515533
uterus_11438,5959402,5616119,5616009,5585398,5342685,4032015
uterus_SRR10587362,158459,155768,155768,154013,139229,80286
uterus_SRR10587364,959493,871215,871214,834866,776224,428998
uterus_SRR10587366,842658,831041,831023,824215,760584,451493
uterus_SRR10587368,684194,646325,646312,633083,587656,362218
whole_blood_ERR2617579,17539231,11601499,11599005,11598878,11500330,10520371
whole_blood_ERR2617580,15163140,3275409,3273442,3270225,3179058,2782147
whole_blood_ERR2617581,18473018,12596526,12593802,12593671,12424515,11185513
whole_blood_ERR2617582,16534943,3771130,3768990,3764435,3653661,3196717
whole_blood_ERR2617583,15595316,9391086,9388581,9388434,9234592,8216284
